,position,firm,salary,education,location,url
0,โครงการพัฒนานักบริหารการเปลี่ยนแปลงรุ่นใหม่ (นปร. รุ่นที่ 13) ** ต้องสมัครตรงกับสำนักงาน ก.พ.ร. เท่านั้น **,สำนักงานคณะกรรมการพัฒนาระบบราชการ (สำนักงาน ก.พ.ร.),"เงินเดือน  : 



ขึ้นอยู่กับคุณสมบัติและประสบการณ์","วุฒิการศึกษา  : 



ปริญญาโทหรือสูงกว่า","สถานที่  : 



กรุงเทพและปริมณฑล",https://www.jobtopgun.com/%E0%B8%AB%E0%B8%B2%E0%B8%87%E0%B8%B2%E0%B8%99/%E0%B9%82%E0%B8%84%E0%B8%A3%E0%B8%87%E0%B8%81%E0%B8%B2%E0%B8%A3%E0%B8%9E%E0%B8%B1%E0%B8%92%E0%B8%99%E0%B8%B2%E0%B8%99%E0%B8%B1%E0%B8%81%E0%B8%9A%E0%B8%A3%E0%B8%B4%E0%B8%AB%E0%B8%B2%E0%B8%A3%E0%B8%81%E0%B8%B2%E0%B8%A3%E0%B9%80%E0%B8%9B%E0%B8%A5%E0%B8%B5%E0%B9%88%E0%B8%A2%E0%B8%99%E0%B9%81%E0%B8%9B%E0%B8%A5%E0%B8%87%E0%B8%A3%E0%B8%B8%E0%B9%88%E0%B8%99%E0%B9%83%E0%B8%AB%E0%B8%A1%E0%B9%88-%E0%B8%99%E0%B8%9B%E0%B8%A3-%E0%B8%A3%E0%B8%B8%E0%B9%88%E0%B8%99%E0%B8%97%E0%B8%B5%E0%B9%88-13-**-%E0%B8%95%E0%B9%89%E0%B8%AD%E0%B8%87%E0%B8%AA%E0%B8%A1%E0%B8%B1%E0%B8%84%E0%B8%A3%E0%B8%95%E0%B8%A3%E0%B8%87%E0%B8%81%E0%B8%B1%E0%B8%9A%E0%B8%AA%E0%B8%B3%E0%B8%99%E0%B8%B1%E0%B8%81%E0%B8%87%E0%B8%B2%E0%B8%99-%E0%B8%81-%E0%B8%9E-%E0%B8%A3-%E0%B9%80%E0%B8%97%E0%B9%88%E0%B8%B2%E0%B8%99%E0%B8%B1%E0%B9%89%E0%B8%99-**%20-%20%E0%B8%AA%E0%B8%96%E0%B8%B2%E0%B8%9A%E0%B8%B1%E0%B8%99%E0%B8%AA%E0%B9%88%E0%B8%87%E0%B9%80%E0%B8%AA%E0%B8%A3%E0%B8%B4%E0%B8%A1%E0%B8%81%E0%B8%B2%E0%B8%A3%E0%B8%9A%E0%B8%A3%E0%B8%B4%E0%B8%AB%E0%B8%B2%E0%B8%A3%E0%B8%81%E0%B8%B4%E0%B8%88%E0%B8%81%E0%B8%B2%E0%B8%A3%E0%B8%9A%E0%B9%89%E0%B8%B2%E0%B8%99%E0%B9%80%E0%B8%A1%E0%B8%B7%E0%B8%AD%E0%B8%87%E0%B8%97%E0%B8%B5%E0%B9%88%E0%B8%94%E0%B8%B5-%E0%B8%AA%E0%B8%B3%E0%B8%99%E0%B8%B1%E0%B8%81%E0%B8%87%E0%B8%B2%E0%B8%99-%E0%B8%81-%E0%B8%9E-%E0%B8%A3-%E0%B8%AA%E0%B8%B3%E0%B8%99%E0%B8%B1%E0%B8%81%E0%B8%87%E0%B8%B2%E0%B8%99%E0%B8%84%E0%B8%93%E0%B8%B0%E0%B8%81%E0%B8%A3%E0%B8%A3%E0%B8%A1%E0%B8%81%E0%B8%B2%E0%B8%A3%E0%B8%9E%E0%B8%B1%E0%B8%92%E0%B8%99%E0%B8%B2%E0%B8%A3%E0%B8%B0%E0%B8%9A%E0%B8%9A%E0%B8%A3%E0%B8%B2%E0%B8%8A%E0%B8%81%E0%B8%B2%E0%B8%A3/jobpost/28545/3
1,"Relationship Manager – Commercial Banking for Up-Country (Nakhon Ratchasima, Amata Nakorn, Phuket)",บริษัท ธนาคารยูโอบี จำกัด (มหาชน),"เงินเดือน  : 



สามารถเจรจาต่อรองได้","วุฒิการศึกษา  : 



ปริญญาตรีหรือปริญญาโท","สถานที่  : 



กรุงเทพและปริมณฑล",https://www.jobtopgun.com/%E0%B8%AB%E0%B8%B2%E0%B8%87%E0%B8%B2%E0%B8%99/relationship-manager-%E2%80%93-commercial-banking-for-up-country-nakhon-ratchasima-amata-nakorn-phuket%20-%20%E0%B8%98%E0%B8%99%E0%B8%B2%E0%B8%84%E0%B8%B2%E0%B8%A3%E0%B8%A2%E0%B8%B9%E0%B9%82%E0%B8%AD%E0%B8%9A%E0%B8%B5/jobpost/754/2117
2,Trade Sales (AVP - VP),บริษัท ธนาคารยูโอบี จำกัด (มหาชน),"เงินเดือน  : 



สามารถเจรจาต่อรองได้","วุฒิการศึกษา  : 



ปริญญาตรีหรือสูงกว่า","สถานที่  : 



กรุงเทพมหานคร",https://www.jobtopgun.com/%E0%B8%AB%E0%B8%B2%E0%B8%87%E0%B8%B2%E0%B8%99/trade-sales-avp-vp%20-%20%E0%B8%98%E0%B8%99%E0%B8%B2%E0%B8%84%E0%B8%B2%E0%B8%A3%E0%B8%A2%E0%B8%B9%E0%B9%82%E0%B8%AD%E0%B8%9A%E0%B8%B5/jobpost/754/2092
3,Cash Management Sales (AVP - VP),บริษัท ธนาคารยูโอบี จำกัด (มหาชน),"เงินเดือน  : 



สามารถเจรจาต่อรองได้","วุฒิการศึกษา  : 



ปริญญาตรีหรือสูงกว่า","สถานที่  : 



กรุงเทพมหานคร",https://www.jobtopgun.com/%E0%B8%AB%E0%B8%B2%E0%B8%87%E0%B8%B2%E0%B8%99/cash-management-sales-avp-vp%20-%20%E0%B8%98%E0%B8%99%E0%B8%B2%E0%B8%84%E0%B8%B2%E0%B8%A3%E0%B8%A2%E0%B8%B9%E0%B9%82%E0%B8%AD%E0%B8%9A%E0%B8%B5/jobpost/754/2090
4,Relationship Manager - SME,บริษัท ธนาคารยูโอบี จำกัด (มหาชน),"เงินเดือน  : 



สามารถเจรจาต่อรองได้","วุฒิการศึกษา  : 



ปริญญาตรี","สถานที่  : 



กทม. (สาทร)",https://www.jobtopgun.com/%E0%B8%AB%E0%B8%B2%E0%B8%87%E0%B8%B2%E0%B8%99/relationship-manager-sme%20-%20%E0%B8%98%E0%B8%99%E0%B8%B2%E0%B8%84%E0%B8%B2%E0%B8%A3%E0%B8%A2%E0%B8%B9%E0%B9%82%E0%B8%AD%E0%B8%9A%E0%B8%B5/jobpost/754/1771
5,"WALK-IN INTERVIEW ""KRUNGSRI CALL CENTER AGENT"" วันศุกร์ ที่ 30 พฤศจิกายน 2561 เวลา 09.00 - 16.00 น.",ธนาคารกรุงศรีอยุธยา จำกัด (มหาชน),"เงินเดือน  : 



สามารถเจรจาต่อรองได้","วุฒิการศึกษา  : 



ปริญญาตรีหรือสูงกว่า","สถานที่  : 



กรุงเทพและปริมณฑล",https://www.jobtopgun.com/%E0%B8%AB%E0%B8%B2%E0%B8%87%E0%B8%B2%E0%B8%99/walk-in-interview-krungsri-call-center-agent-%E0%B8%A7%E0%B8%B1%E0%B8%99%E0%B8%A8%E0%B8%B8%E0%B8%81%E0%B8%A3%E0%B9%8C-%E0%B8%97%E0%B8%B5%E0%B9%88-30-%E0%B8%9E%E0%B8%A4%E0%B8%A8%E0%B8%88%E0%B8%B4%E0%B8%81%E0%B8%B2%E0%B8%A2%E0%B8%99-2561-%E0%B9%80%E0%B8%A7%E0%B8%A5%E0%B8%B2-09-00-16-00-%E0%B8%99%20-%20%E0%B8%98%E0%B8%99%E0%B8%B2%E0%B8%84%E0%B8%B2%E0%B8%A3%E0%B8%81%E0%B8%A3%E0%B8%B8%E0%B8%87%E0%B8%A8%E0%B8%A3%E0%B8%B5%E0%B8%AD%E0%B8%A2%E0%B8%B8%E0%B8%98%E0%B8%A2%E0%B8%B2/jobpost/3349/1345
6,ทนายความ (สุราษฎร์ธานี),ธนาคารไทยพาณิชย์ จำกัด (มหาชน),"เงินเดือน  : 



สามารถเจรจาต่อรองได้","วุฒิการศึกษา  : 



ปริญญาตรีหรือปริญญาโท","สถานที่  : 



สุราษฎร์ธานี",https://www.jobtopgun.com/%E0%B8%AB%E0%B8%B2%E0%B8%87%E0%B8%B2%E0%B8%99/%E0%B8%97%E0%B8%99%E0%B8%B2%E0%B8%A2%E0%B8%84%E0%B8%A7%E0%B8%B2%E0%B8%A1-%E0%B8%AA%E0%B8%B8%E0%B8%A3%E0%B8%B2%E0%B8%A9%E0%B8%8E%E0%B8%A3%E0%B9%8C%E0%B8%98%E0%B8%B2%E0%B8%99%E0%B8%B5%20-%20%E0%B8%98%E0%B8%99%E0%B8%B2%E0%B8%84%E0%B8%B2%E0%B8%A3%E0%B9%84%E0%B8%97%E0%B8%A2%E0%B8%9E%E0%B8%B2%E0%B8%93%E0%B8%B4%E0%B8%8A%E0%B8%A2%E0%B9%8C/jobpost/1807/1484
7,Mobile Developer,บริษัท บุญรอดบริวเวอรี่ จำกัด,"เงินเดือน  : 



สามารถเจรจาต่อรองได้","วุฒิการศึกษา  : 



ปริญญาตรี","สถานที่  : 



กรุงเทพมหานคร",https://www.jobtopgun.com/%E0%B8%AB%E0%B8%B2%E0%B8%87%E0%B8%B2%E0%B8%99/mobile-developer%20-%20%E0%B8%9A%E0%B8%B8%E0%B8%8D%E0%B8%A3%E0%B8%AD%E0%B8%94%E0%B8%9A%E0%B8%A3%E0%B8%B4%E0%B8%A7%E0%B9%80%E0%B8%A7%E0%B8%AD%E0%B8%A3%E0%B8%B5%E0%B9%88/jobpost/2124/536
8,พนักงานคอมพิวเตอร์ (วุฒิ ปวส.),บริษัท บุญรอดบริวเวอรี่ จำกัด.,"เงินเดือน  : 



ขึ้นอยู่กับคุณสมบัติและประสบการณ์","วุฒิการศึกษา  : 



ประกาศนียบัตรวิชาชีพชั้นสูง (ปวส.)","สถานที่  : 



กทม. (ดุสิต)",https://www.jobtopgun.com/%E0%B8%AB%E0%B8%B2%E0%B8%87%E0%B8%B2%E0%B8%99/%E0%B8%9E%E0%B8%99%E0%B8%B1%E0%B8%81%E0%B8%87%E0%B8%B2%E0%B8%99%E0%B8%84%E0%B8%AD%E0%B8%A1%E0%B8%9E%E0%B8%B4%E0%B8%A7%E0%B9%80%E0%B8%95%E0%B8%AD%E0%B8%A3%E0%B9%8C-%E0%B8%A7%E0%B8%B8%E0%B8%92%E0%B8%B4-%E0%B8%9B%E0%B8%A7%E0%B8%AA%20-%20%E0%B8%9A%E0%B8%B8%E0%B8%8D%E0%B8%A3%E0%B8%AD%E0%B8%94%E0%B8%9A%E0%B8%A3%E0%B8%B4%E0%B8%A7%E0%B9%80%E0%B8%A7%E0%B8%AD%E0%B8%A3%E0%B8%B5%E0%B9%88/jobpost/24233/72
9,ช่างไฟฟ้า,บริษัท บุญรอดบริวเวอรี่ จำกัด.,"เงินเดือน  : 



สามารถเจรจาต่อรองได้","วุฒิการศึกษา  : 



ประกาศนียบัตรวิชาชีพชั้นสูง (ปวส.)","สถานที่  : 



กทม. (ดุสิต)",https://www.jobtopgun.com/%E0%B8%AB%E0%B8%B2%E0%B8%87%E0%B8%B2%E0%B8%99/%E0%B8%8A%E0%B9%88%E0%B8%B2%E0%B8%87%E0%B9%84%E0%B8%9F%E0%B8%9F%E0%B9%89%E0%B8%B2%20-%20%E0%B8%9A%E0%B8%B8%E0%B8%8D%E0%B8%A3%E0%B8%AD%E0%B8%94%E0%B8%9A%E0%B8%A3%E0%B8%B4%E0%B8%A7%E0%B9%80%E0%B8%A7%E0%B8%AD%E0%B8%A3%E0%B8%B5%E0%B9%88/jobpost/24233/97
10,Khmer Speaking Customer Service Agent,บริษัท ทีแอลเอสคอนแทค เอ็นเทอร์ไพร้ซ (ประเทศไทย) จำกัด,"เงินเดือน  : 



20,000 - 25,000 บาท/เดือน","วุฒิการศึกษา  : 



ปริญญาตรี","สถานที่  : 



กรุงเทพและปริมณฑล",https://www.jobtopgun.com/%E0%B8%AB%E0%B8%B2%E0%B8%87%E0%B8%B2%E0%B8%99/khmer-speaking-customer-service-agent%20-%20%E0%B8%97%E0%B8%B5%E0%B9%81%E0%B8%AD%E0%B8%A5%E0%B9%80%E0%B8%AD%E0%B8%AA%E0%B8%84%E0%B8%AD%E0%B8%99%E0%B9%81%E0%B8%97%E0%B8%84-%E0%B9%80%E0%B8%AD%E0%B9%87%E0%B8%99%E0%B9%80%E0%B8%97%E0%B8%AD%E0%B8%A3%E0%B9%8C%E0%B9%84%E0%B8%9E%E0%B8%A3%E0%B9%89%E0%B8%8B-%E0%B8%9B%E0%B8%A3%E0%B8%B0%E0%B9%80%E0%B8%97%E0%B8%A8%E0%B9%84%E0%B8%97%E0%B8%A2/jobpost/17694/18
11,เจ้าหน้าที่ธุรการฝ่ายขาย(สัญญาจ้าง 1 ปี),บริษัท บุญรอดบริวเวอรี่ จำกัด,"เงินเดือน  : 



สามารถเจรจาต่อรองได้","วุฒิการศึกษา  : 



ประกาศนียบัตรวิชาชีพชั้นสูง (ปวส.)","สถานที่  : 



กทม. (ดุสิต)",https://www.jobtopgun.com/%E0%B8%AB%E0%B8%B2%E0%B8%87%E0%B8%B2%E0%B8%99/%E0%B9%80%E0%B8%88%E0%B9%89%E0%B8%B2%E0%B8%AB%E0%B8%99%E0%B9%89%E0%B8%B2%E0%B8%97%E0%B8%B5%E0%B9%88%E0%B8%98%E0%B8%B8%E0%B8%A3%E0%B8%81%E0%B8%B2%E0%B8%A3%E0%B8%9D%E0%B9%88%E0%B8%B2%E0%B8%A2%E0%B8%82%E0%B8%B2%E0%B8%A2-%E0%B8%AA%E0%B8%B1%E0%B8%8D%E0%B8%8D%E0%B8%B2%E0%B8%88%E0%B9%89%E0%B8%B2%E0%B8%87-1-%E0%B8%9B%E0%B8%B5%20-%20%E0%B8%9A%E0%B8%B8%E0%B8%8D%E0%B8%A3%E0%B8%AD%E0%B8%94%E0%B8%9A%E0%B8%A3%E0%B8%B4%E0%B8%A7%E0%B9%80%E0%B8%A7%E0%B8%AD%E0%B8%A3%E0%B8%B5%E0%B9%88/jobpost/2124/534
12,Key Account Executive,บริษัท บุญรอดบริวเวอรี่ จำกัด,"เงินเดือน  : 



สามารถเจรจาต่อรองได้ + Commission","วุฒิการศึกษา  : 



ปริญญาตรี","สถานที่  : 



กทม. (ดุสิต)",https://www.jobtopgun.com/%E0%B8%AB%E0%B8%B2%E0%B8%87%E0%B8%B2%E0%B8%99/key-account-executive%20-%20%E0%B8%9A%E0%B8%B8%E0%B8%8D%E0%B8%A3%E0%B8%AD%E0%B8%94%E0%B8%9A%E0%B8%A3%E0%B8%B4%E0%B8%A7%E0%B9%80%E0%B8%A7%E0%B8%AD%E0%B8%A3%E0%B8%B5%E0%B9%88/jobpost/2124/537
13,เจ้าหน้าที่ขาย,บริษัท บุญรอดบริวเวอรี่ จำกัด,"เงินเดือน  : 



สามารถเจรจาต่อรองได้","วุฒิการศึกษา  : 



ปริญญาตรี","สถานที่  : 



กทม. (ดุสิต)",https://www.jobtopgun.com/%E0%B8%AB%E0%B8%B2%E0%B8%87%E0%B8%B2%E0%B8%99/%E0%B9%80%E0%B8%88%E0%B9%89%E0%B8%B2%E0%B8%AB%E0%B8%99%E0%B9%89%E0%B8%B2%E0%B8%97%E0%B8%B5%E0%B9%88%E0%B8%82%E0%B8%B2%E0%B8%A2%20-%20%E0%B8%9A%E0%B8%B8%E0%B8%8D%E0%B8%A3%E0%B8%AD%E0%B8%94%E0%B8%9A%E0%B8%A3%E0%B8%B4%E0%B8%A7%E0%B9%80%E0%B8%A7%E0%B8%AD%E0%B8%A3%E0%B8%B5%E0%B9%88/jobpost/2124/533
14,Trade Marketing Manager (Local MT),บริษัท บุญรอดบริวเวอรี่ จำกัด,"เงินเดือน  : 



สามารถเจรจาต่อรองได้ + Commission","วุฒิการศึกษา  : 



ปริญญาตรี","สถานที่  : 



กทม. (ดุสิต)",https://www.jobtopgun.com/%E0%B8%AB%E0%B8%B2%E0%B8%87%E0%B8%B2%E0%B8%99/trade-marketing-manager-local-mt%20-%20%E0%B8%9A%E0%B8%B8%E0%B8%8D%E0%B8%A3%E0%B8%AD%E0%B8%94%E0%B8%9A%E0%B8%A3%E0%B8%B4%E0%B8%A7%E0%B9%80%E0%B8%A7%E0%B8%AD%E0%B8%A3%E0%B8%B5%E0%B9%88/jobpost/2124/538
15,เจ้าหน้าที่อาวุโส-ผู้ช่วยผู้จัดการสัญญาเช่าพื้นที่,บริษัท เอ็ม บี เค จำกัด (มหาชน),"เงินเดือน  : 



สามารถเจรจาต่อรองได้","วุฒิการศึกษา  : 



ปริญญาตรี","สถานที่  : 



กรุงเทพและปริมณฑล",https://www.jobtopgun.com/%E0%B8%AB%E0%B8%B2%E0%B8%87%E0%B8%B2%E0%B8%99/%E0%B9%80%E0%B8%88%E0%B9%89%E0%B8%B2%E0%B8%AB%E0%B8%99%E0%B9%89%E0%B8%B2%E0%B8%97%E0%B8%B5%E0%B9%88%E0%B8%AD%E0%B8%B2%E0%B8%A7%E0%B8%B8%E0%B9%82%E0%B8%AA-%E0%B8%9C%E0%B8%B9%E0%B9%89%E0%B8%8A%E0%B9%88%E0%B8%A7%E0%B8%A2%E0%B8%9C%E0%B8%B9%E0%B9%89%E0%B8%88%E0%B8%B1%E0%B8%94%E0%B8%81%E0%B8%B2%E0%B8%A3%E0%B8%AA%E0%B8%B1%E0%B8%8D%E0%B8%8D%E0%B8%B2%E0%B9%80%E0%B8%8A%E0%B9%88%E0%B8%B2%E0%B8%9E%E0%B8%B7%E0%B9%89%E0%B8%99%E0%B8%97%E0%B8%B5%E0%B9%88%20-%20%E0%B9%80%E0%B8%AD%E0%B9%87%E0%B8%A1%E0%B8%9A%E0%B8%B5%E0%B9%80%E0%B8%84/jobpost/2464/794
16,Programmer / System Engineer,บริษัท อีซูซุมอเตอร์ (ประเทศไทย) จำกัด,"เงินเดือน  : 



สามารถเจรจาต่อรองได้","วุฒิการศึกษา  : 



ปริญญาตรีหรือสูงกว่า","สถานที่  : 



สมุทรปราการ",https://www.jobtopgun.com/%E0%B8%AB%E0%B8%B2%E0%B8%87%E0%B8%B2%E0%B8%99/programmer-system-engineer%20-%20%E0%B8%AD%E0%B8%B5%E0%B8%8B%E0%B8%B9%E0%B8%8B%E0%B8%B8%E0%B8%A1%E0%B8%AD%E0%B9%80%E0%B8%95%E0%B8%AD%E0%B8%A3%E0%B9%8C-%E0%B8%9B%E0%B8%A3%E0%B8%B0%E0%B9%80%E0%B8%97%E0%B8%A8%E0%B9%84%E0%B8%97%E0%B8%A2/jobpost/1309/123
17,Material Control Planner/Sr. level – BTS Bearing,บริษัท ยูแทคไทย จำกัด,"เงินเดือน  : 



สามารถเจรจาต่อรองได้","วุฒิการศึกษา  : 



ปริญญาตรีหรือสูงกว่า","สถานที่  : 



กทม. (บางนา)",https://www.jobtopgun.com/%E0%B8%AB%E0%B8%B2%E0%B8%87%E0%B8%B2%E0%B8%99/material-control-planner-sr-level-%E2%80%93-bts-bearing%20-%20%E0%B8%A2%E0%B8%B9%E0%B9%81%E0%B8%97%E0%B8%84%E0%B9%84%E0%B8%97%E0%B8%A2/jobpost/52/586
18,Instrumentation Engineer for Application Software /: SPI - INTools (Base in Rayong Offifice),บริษัท นีออน อินโฟเทค เซาท์อีสท์ เอเซีย จำกัด,"เงินเดือน  : 



สามารถเจรจาต่อรองได้","วุฒิการศึกษา  : 



ปริญญาตรีหรือสูงกว่า","สถานที่  : 



ระยอง",https://www.jobtopgun.com/%E0%B8%AB%E0%B8%B2%E0%B8%87%E0%B8%B2%E0%B8%99/instrumentation-engineer-for-application-software-spi-intools-base-in-rayong-offifice%20-%20%E0%B8%99%E0%B8%B5%E0%B8%AD%E0%B8%AD%E0%B8%99-%E0%B8%AD%E0%B8%B4%E0%B8%99%E0%B9%82%E0%B8%9F%E0%B9%80%E0%B8%97%E0%B8%84-%E0%B9%80%E0%B8%8B%E0%B8%B2%E0%B8%97%E0%B9%8C%E0%B8%AD%E0%B8%B5%E0%B8%AA%E0%B8%97%E0%B9%8C-%E0%B9%80%E0%B8%AD%E0%B9%80%E0%B8%8B%E0%B8%B5%E0%B8%A2/jobpost/6731/69
19,"ผู้ช่วยผู้จัดการสาขา (โทร 083-099-6716 คุณนัท , 083-099-6041 คุณแป้ง , 02-8361000 ต่อ 1220,1251)",บริษัท เอ็มเค เรสโตรองต์ กรุ๊ป จำกัด (มหาชน) / บริษัท เอ็มเค อินเตอร์ ฟู้ด จำกัด,"เงินเดือน  : 



15,000 - 20,000 บาท/เดือน + Commission","วุฒิการศึกษา  : 



ปริญญาตรี","สถานที่  : 



กรุงเทพและปริมณฑล",https://www.jobtopgun.com/%E0%B8%AB%E0%B8%B2%E0%B8%87%E0%B8%B2%E0%B8%99/%E0%B8%9C%E0%B8%B9%E0%B9%89%E0%B8%8A%E0%B9%88%E0%B8%A7%E0%B8%A2%E0%B8%9C%E0%B8%B9%E0%B9%89%E0%B8%88%E0%B8%B1%E0%B8%94%E0%B8%81%E0%B8%B2%E0%B8%A3%E0%B8%AA%E0%B8%B2%E0%B8%82%E0%B8%B2-%E0%B9%82%E0%B8%97%E0%B8%A3-083-099-6716-%E0%B8%84%E0%B8%B8%E0%B8%93%E0%B8%99%E0%B8%B1%E0%B8%97-083-099-6041-%E0%B8%84%E0%B8%B8%E0%B8%93%E0%B9%81%E0%B8%9B%E0%B9%89%E0%B8%87-02-8361000-%E0%B8%95%E0%B9%88%E0%B8%AD-1220-1251%20-%20%E0%B9%80%E0%B8%AD%E0%B9%87%E0%B8%A1%E0%B9%80%E0%B8%84-%E0%B9%80%E0%B8%A3%E0%B8%AA%E0%B9%82%E0%B8%95%E0%B8%A3%E0%B8%AD%E0%B8%87%E0%B8%95%E0%B9%8C-%E0%B8%81%E0%B8%A3%E0%B8%B8%E0%B9%8A%E0%B8%9B-%E0%B9%80%E0%B8%AD%E0%B9%87%E0%B8%A1%E0%B9%80%E0%B8%84-%E0%B8%AD%E0%B8%B4%E0%B8%99%E0%B9%80%E0%B8%95%E0%B8%AD%E0%B8%A3%E0%B9%8C-%E0%B8%9F%E0%B8%B9%E0%B9%89%E0%B8%94/jobpost/7/398
20,Key Account Representative (พนักงานขายฝ่ายขายโมเดิร์นเทรด),บริษัท เพอร์เฟค คอมพาเนียน กรุ๊ป จำกัด,"เงินเดือน  : 



สามารถเจรจาต่อรองได้ + Commission","วุฒิการศึกษา  : 



ปริญญาตรีหรือสูงกว่า","สถานที่  : 



กทม. (สาทร)",https://www.jobtopgun.com/%E0%B8%AB%E0%B8%B2%E0%B8%87%E0%B8%B2%E0%B8%99/key-account-representative-%E0%B8%9E%E0%B8%99%E0%B8%B1%E0%B8%81%E0%B8%87%E0%B8%B2%E0%B8%99%E0%B8%82%E0%B8%B2%E0%B8%A2%E0%B8%9D%E0%B9%88%E0%B8%B2%E0%B8%A2%E0%B8%82%E0%B8%B2%E0%B8%A2%E0%B9%82%E0%B8%A1%E0%B9%80%E0%B8%94%E0%B8%B4%E0%B8%A3%E0%B9%8C%E0%B8%99%E0%B9%80%E0%B8%97%E0%B8%A3%E0%B8%94%20-%20%E0%B9%80%E0%B8%9E%E0%B8%AD%E0%B8%A3%E0%B9%8C%E0%B9%80%E0%B8%9F%E0%B8%84-%E0%B8%84%E0%B8%AD%E0%B8%A1%E0%B8%9E%E0%B8%B2%E0%B9%80%E0%B8%99%E0%B8%B5%E0%B8%A2%E0%B8%99-%E0%B8%81%E0%B8%A3%E0%B8%B8%E0%B9%8A%E0%B8%9B/jobpost/696/126
21,Electrical Engineer,บริษัท คาโอ อินดัสเตรียล (ประเทศไทย) จำกัด,"เงินเดือน  : 



สามารถเจรจาต่อรองได้","วุฒิการศึกษา  : 



ปริญญาตรี","สถานที่  : 



ชลบุรี",https://www.jobtopgun.com/%E0%B8%AB%E0%B8%B2%E0%B8%87%E0%B8%B2%E0%B8%99/electrical-engineer%20-%20%E0%B8%9A%E0%B8%A3%E0%B8%B4%E0%B8%A9%E0%B8%B1%E0%B8%97-%E0%B8%84%E0%B8%B2%E0%B9%82%E0%B8%AD-%E0%B8%AD%E0%B8%B4%E0%B8%99%E0%B8%94%E0%B8%B1%E0%B8%AA%E0%B9%80%E0%B8%95%E0%B8%A3%E0%B8%B5%E0%B8%A2%E0%B8%A5-%E0%B8%9B%E0%B8%A3%E0%B8%B0%E0%B9%80%E0%B8%97%E0%B8%A8%E0%B9%84%E0%B8%97%E0%B8%A2-%E0%B8%88%E0%B8%B3%E0%B8%81%E0%B8%B1%E0%B8%94/jobpost/579/355
22,Project Manager & System Analysis,บริษัท เอพี (ไทยแลนด์) จำกัด (มหาชน),"เงินเดือน  : 



40,000 - 60,000 บาท/เดือน","วุฒิการศึกษา  : 



ปริญญาตรี","สถานที่  : 



กรุงเทพและปริมณฑล",https://www.jobtopgun.com/%E0%B8%AB%E0%B8%B2%E0%B8%87%E0%B8%B2%E0%B8%99/project-manager-system-analysis%20-%20%E0%B9%80%E0%B8%AD%E0%B8%9E%E0%B8%B5-%E0%B9%84%E0%B8%97%E0%B8%A2%E0%B9%81%E0%B8%A5%E0%B8%99%E0%B8%94%E0%B9%8C/jobpost/1631/569
23,Marketing Communication,บริษัท เอพี (ไทยแลนด์) จำกัด (มหาชน),"เงินเดือน  : 



สามารถเจรจาต่อรองได้","วุฒิการศึกษา  : 



ปริญญาตรีหรือสูงกว่า","สถานที่  : 



กทม. (คลองเตย)",https://www.jobtopgun.com/%E0%B8%AB%E0%B8%B2%E0%B8%87%E0%B8%B2%E0%B8%99/marketing-communication%20-%20%E0%B9%80%E0%B8%AD%E0%B8%9E%E0%B8%B5-%E0%B9%84%E0%B8%97%E0%B8%A2%E0%B9%81%E0%B8%A5%E0%B8%99%E0%B8%94%E0%B9%8C/jobpost/1631/553
24,เจ้าหน้าที่ธุรการประจำสำนักงาน,บริษัท เอพี (ไทยแลนด์) จำกัด (มหาชน),"เงินเดือน  : 



สามารถเจรจาต่อรองได้","วุฒิการศึกษา  : 



ปริญญาตรี","สถานที่  : 



กรุงเทพและปริมณฑล",https://www.jobtopgun.com/%E0%B8%AB%E0%B8%B2%E0%B8%87%E0%B8%B2%E0%B8%99/%E0%B9%80%E0%B8%88%E0%B9%89%E0%B8%B2%E0%B8%AB%E0%B8%99%E0%B9%89%E0%B8%B2%E0%B8%97%E0%B8%B5%E0%B9%88%E0%B8%98%E0%B8%B8%E0%B8%A3%E0%B8%81%E0%B8%B2%E0%B8%A3%E0%B8%9B%E0%B8%A3%E0%B8%B0%E0%B8%88%E0%B8%B3%E0%B8%AA%E0%B8%B3%E0%B8%99%E0%B8%B1%E0%B8%81%E0%B8%87%E0%B8%B2%E0%B8%99%20-%20%E0%B9%80%E0%B8%AD%E0%B8%9E%E0%B8%B5-%E0%B9%84%E0%B8%97%E0%B8%A2%E0%B9%81%E0%B8%A5%E0%B8%99%E0%B8%94%E0%B9%8C/jobpost/1631/570
25,"Project Manager / Assistant Project Manager (บ้านเดี่ยว) - มีค่าแนะนำเพื่อนมาสมัครงานสูงสุดถึง 7,000 บาท",บริษัท เอพี (ไทยแลนด์) จำกัด (มหาชน),"เงินเดือน  : 



ขึ้นอยู่กับคุณสมบัติและประสบการณ์","วุฒิการศึกษา  : 



ปริญญาตรีหรือปริญญาโท","สถานที่  : 



กทม. (คลองเตย), นนทบุรี, ปทุมธานี, สมุทรปราการ",https://www.jobtopgun.com/%E0%B8%AB%E0%B8%B2%E0%B8%87%E0%B8%B2%E0%B8%99/project-manager-assistant-project-manager-%E0%B8%9A%E0%B9%89%E0%B8%B2%E0%B8%99%E0%B9%80%E0%B8%94%E0%B8%B5%E0%B9%88%E0%B8%A2%E0%B8%A7-%E0%B8%A1%E0%B8%B5%E0%B8%84%E0%B9%88%E0%B8%B2%E0%B9%81%E0%B8%99%E0%B8%B0%E0%B8%99%E0%B8%B3%E0%B9%80%E0%B8%9E%E0%B8%B7%E0%B9%88%E0%B8%AD%E0%B8%99%E0%B8%A1%E0%B8%B2%E0%B8%AA%E0%B8%A1%E0%B8%B1%E0%B8%84%E0%B8%A3%E0%B8%87%E0%B8%B2%E0%B8%99%E0%B8%AA%E0%B8%B9%E0%B8%87%E0%B8%AA%E0%B8%B8%E0%B8%94%E0%B8%96%E0%B8%B6%E0%B8%87-7-000-%E0%B8%9A%E0%B8%B2%E0%B8%97%20-%20%E0%B9%80%E0%B8%AD%E0%B8%9E%E0%B8%B5-%E0%B9%84%E0%B8%97%E0%B8%A2%E0%B9%81%E0%B8%A5%E0%B8%99%E0%B8%94%E0%B9%8C/jobpost/1631/416
26,Training Specialist (AP Academy),บริษัท เอพี (ไทยแลนด์) จำกัด (มหาชน),"เงินเดือน  : 



สามารถเจรจาต่อรองได้","วุฒิการศึกษา  : 



ปริญญาตรี","สถานที่  : 



กทม. (คลองเตย)",https://www.jobtopgun.com/%E0%B8%AB%E0%B8%B2%E0%B8%87%E0%B8%B2%E0%B8%99/training-specialist-ap-academy%20-%20%E0%B9%80%E0%B8%AD%E0%B8%9E%E0%B8%B5-%E0%B9%84%E0%B8%97%E0%B8%A2%E0%B9%81%E0%B8%A5%E0%B8%99%E0%B8%94%E0%B9%8C/jobpost/1631/487
27,เจ้าหน้าที่จัดซื้อ,บริษัท เอพี (ไทยแลนด์) จำกัด (มหาชน),"เงินเดือน  : 



สามารถเจรจาต่อรองได้","วุฒิการศึกษา  : 



ปริญญาตรี","สถานที่  : 



กทม. (คลองเตย)",https://www.jobtopgun.com/%E0%B8%AB%E0%B8%B2%E0%B8%87%E0%B8%B2%E0%B8%99/%E0%B9%80%E0%B8%88%E0%B9%89%E0%B8%B2%E0%B8%AB%E0%B8%99%E0%B9%89%E0%B8%B2%E0%B8%97%E0%B8%B5%E0%B9%88%E0%B8%88%E0%B8%B1%E0%B8%94%E0%B8%8B%E0%B8%B7%E0%B9%89%E0%B8%AD%20-%20%E0%B9%80%E0%B8%AD%E0%B8%9E%E0%B8%B5-%E0%B9%84%E0%B8%97%E0%B8%A2%E0%B9%81%E0%B8%A5%E0%B8%99%E0%B8%94%E0%B9%8C/jobpost/1631/525
28,Site Engineer (งานบ้านเดี่ยว/TownHome),บริษัท เอพี (ไทยแลนด์) จำกัด (มหาชน),"เงินเดือน  : 



ขึ้นอยู่กับคุณสมบัติและประสบการณ์","วุฒิการศึกษา  : 



ปริญญาตรี","สถานที่  : 



กรุงเทพมหานคร, นนทบุรี, ปทุมธานี, สมุทรปราการ",https://www.jobtopgun.com/%E0%B8%AB%E0%B8%B2%E0%B8%87%E0%B8%B2%E0%B8%99/site-engineer-%E0%B8%87%E0%B8%B2%E0%B8%99%E0%B8%9A%E0%B9%89%E0%B8%B2%E0%B8%99%E0%B9%80%E0%B8%94%E0%B8%B5%E0%B9%88%E0%B8%A2%E0%B8%A7-townhome%20-%20%E0%B9%80%E0%B8%AD%E0%B8%9E%E0%B8%B5-%E0%B9%84%E0%B8%97%E0%B8%A2%E0%B9%81%E0%B8%A5%E0%B8%99%E0%B8%94%E0%B9%8C/jobpost/1631/505
29,Public Relations Officer,บริษัท เอพี (ไทยแลนด์) จำกัด (มหาชน),"เงินเดือน  : 



สามารถเจรจาต่อรองได้","วุฒิการศึกษา  : 



ปริญญาตรี","สถานที่  : 



กทม. (คลองเตย)",https://www.jobtopgun.com/%E0%B8%AB%E0%B8%B2%E0%B8%87%E0%B8%B2%E0%B8%99/public-relations-officer%20-%20%E0%B9%80%E0%B8%AD%E0%B8%9E%E0%B8%B5-%E0%B9%84%E0%B8%97%E0%B8%A2%E0%B9%81%E0%B8%A5%E0%B8%99%E0%B8%94%E0%B9%8C/jobpost/1631/497
30,"Project Manager / Assistant Project Manager (คอนโดมิเนียม) - มีค่าแนะนำเพื่อนมาสมัครงานสูงสุดถึง 7,000 บาท",บริษัท เอพี (ไทยแลนด์) จำกัด (มหาชน),"เงินเดือน  : 



ขึ้นอยู่กับคุณสมบัติและประสบการณ์","วุฒิการศึกษา  : 



ปริญญาตรีหรือสูงกว่า","สถานที่  : 



กรุงเทพและปริมณฑล",https://www.jobtopgun.com/%E0%B8%AB%E0%B8%B2%E0%B8%87%E0%B8%B2%E0%B8%99/project-manager-assistant-project-manager-%E0%B8%84%E0%B8%AD%E0%B8%99%E0%B9%82%E0%B8%94%E0%B8%A1%E0%B8%B4%E0%B9%80%E0%B8%99%E0%B8%B5%E0%B8%A2%E0%B8%A1-%E0%B8%A1%E0%B8%B5%E0%B8%84%E0%B9%88%E0%B8%B2%E0%B9%81%E0%B8%99%E0%B8%B0%E0%B8%99%E0%B8%B3%E0%B9%80%E0%B8%9E%E0%B8%B7%E0%B9%88%E0%B8%AD%E0%B8%99%E0%B8%A1%E0%B8%B2%E0%B8%AA%E0%B8%A1%E0%B8%B1%E0%B8%84%E0%B8%A3%E0%B8%87%E0%B8%B2%E0%B8%99%E0%B8%AA%E0%B8%B9%E0%B8%87%E0%B8%AA%E0%B8%B8%E0%B8%94%E0%B8%96%E0%B8%B6%E0%B8%87-7-000-%E0%B8%9A%E0%B8%B2%E0%B8%97%20-%20%E0%B9%80%E0%B8%AD%E0%B8%9E%E0%B8%B5-%E0%B9%84%E0%B8%97%E0%B8%A2%E0%B9%81%E0%B8%A5%E0%B8%99%E0%B8%94%E0%B9%8C/jobpost/1631/51
31,Sales / พนักงานขายอสังหาริมทรัพย์,บริษัท เอพี (ไทยแลนด์) จำกัด (มหาชน),"เงินเดือน  : 



สามารถเจรจาต่อรองได้ + Commission","วุฒิการศึกษา  : 



ปริญญาตรี","สถานที่  : 



กทม. (คลองเตย)",https://www.jobtopgun.com/%E0%B8%AB%E0%B8%B2%E0%B8%87%E0%B8%B2%E0%B8%99/sales-%E0%B8%9E%E0%B8%99%E0%B8%B1%E0%B8%81%E0%B8%87%E0%B8%B2%E0%B8%99%E0%B8%82%E0%B8%B2%E0%B8%A2%E0%B8%AD%E0%B8%AA%E0%B8%B1%E0%B8%87%E0%B8%AB%E0%B8%B2%E0%B8%A3%E0%B8%B4%E0%B8%A1%E0%B8%97%E0%B8%A3%E0%B8%B1%E0%B8%9E%E0%B8%A2%E0%B9%8C%20-%20%E0%B9%80%E0%B8%AD%E0%B8%9E%E0%B8%B5-%E0%B9%84%E0%B8%97%E0%B8%A2%E0%B9%81%E0%B8%A5%E0%B8%99%E0%B8%94%E0%B9%8C/jobpost/1631/468
32,Web Developer (C#.net / MVC),บริษัท เอพี (ไทยแลนด์) จำกัด (มหาชน),"เงินเดือน  : 



สามารถเจรจาต่อรองได้","วุฒิการศึกษา  : 



ปริญญาตรี","สถานที่  : 



กทม. (คลองเตย)",https://www.jobtopgun.com/%E0%B8%AB%E0%B8%B2%E0%B8%87%E0%B8%B2%E0%B8%99/web-developer-c%23-net-mvc%20-%20%E0%B9%80%E0%B8%AD%E0%B8%9E%E0%B8%B5-%E0%B9%84%E0%B8%97%E0%B8%A2%E0%B9%81%E0%B8%A5%E0%B8%99%E0%B8%94%E0%B9%8C/jobpost/1631/451
33,AP Civil Engineering Selection Day 15 ธันวาคม 2561,บริษัท เอพี (ไทยแลนด์) จำกัด (มหาชน),"เงินเดือน  : 



ขึ้นอยู่กับคุณสมบัติและประสบการณ์","วุฒิการศึกษา  : 



ปริญญาตรี","สถานที่  : 



กรุงเทพและปริมณฑล",https://www.jobtopgun.com/%E0%B8%AB%E0%B8%B2%E0%B8%87%E0%B8%B2%E0%B8%99/ap-civil-engineering-selection-day-15-%E0%B8%98%E0%B8%B1%E0%B8%99%E0%B8%A7%E0%B8%B2%E0%B8%84%E0%B8%A1-2561%20-%20%E0%B9%80%E0%B8%AD%E0%B8%9E%E0%B8%B5-%E0%B9%84%E0%B8%97%E0%B8%A2%E0%B9%81%E0%B8%A5%E0%B8%99%E0%B8%94%E0%B9%8C/jobpost/1631/572
34,วิศวกรตรวจสอบคุณภาพ (บ้านเดี่ยว/ทาวน์โฮม),บริษัท เอพี (ไทยแลนด์) จำกัด (มหาชน),"เงินเดือน  : 



สามารถเจรจาต่อรองได้","วุฒิการศึกษา  : 



ปริญญาตรี","สถานที่  : 



กรุงเทพและปริมณฑล",https://www.jobtopgun.com/%E0%B8%AB%E0%B8%B2%E0%B8%87%E0%B8%B2%E0%B8%99/%E0%B8%A7%E0%B8%B4%E0%B8%A8%E0%B8%A7%E0%B8%81%E0%B8%A3%E0%B8%95%E0%B8%A3%E0%B8%A7%E0%B8%88%E0%B8%AA%E0%B8%AD%E0%B8%9A%E0%B8%84%E0%B8%B8%E0%B8%93%E0%B8%A0%E0%B8%B2%E0%B8%9E-%E0%B8%9A%E0%B9%89%E0%B8%B2%E0%B8%99%E0%B9%80%E0%B8%94%E0%B8%B5%E0%B9%88%E0%B8%A2%E0%B8%A7-%E0%B8%97%E0%B8%B2%E0%B8%A7%E0%B8%99%E0%B9%8C%E0%B9%82%E0%B8%AE%E0%B8%A1%20-%20%E0%B9%80%E0%B8%AD%E0%B8%9E%E0%B8%B5-%E0%B9%84%E0%B8%97%E0%B8%A2%E0%B9%81%E0%B8%A5%E0%B8%99%E0%B8%94%E0%B9%8C/jobpost/1631/571
35,Regional Procurement Officer (1 Position),บริษัท เด็นโซ่ อินเตอร์เนชั่นแนล เอเชีย จำกัด,"เงินเดือน  : 



สามารถเจรจาต่อรองได้","วุฒิการศึกษา  : 



ปริญญาตรี","สถานที่  : 



สมุทรปราการ",https://www.jobtopgun.com/%E0%B8%AB%E0%B8%B2%E0%B8%87%E0%B8%B2%E0%B8%99/regional-procurement-officer-1-position%20-%20%E0%B9%80%E0%B8%94%E0%B9%87%E0%B8%99%E0%B9%82%E0%B8%8B%E0%B9%88-%E0%B8%AD%E0%B8%B4%E0%B8%99%E0%B9%80%E0%B8%95%E0%B8%AD%E0%B8%A3%E0%B9%8C%E0%B9%80%E0%B8%99%E0%B8%8A%E0%B8%B1%E0%B9%88%E0%B8%99%E0%B9%81%E0%B8%99%E0%B8%A5-%E0%B9%80%E0%B8%AD%E0%B9%80%E0%B8%8A%E0%B8%B5%E0%B8%A2/jobpost/5348/470
36,AirFreight Sales Executive (BKK),บริษัท เคดับบลิวอี-คินเทซึ เวิลด์ เอ็กซเปรส (ประเทศไทย) จำกัด,"เงินเดือน  : 



ขึ้นอยู่กับคุณสมบัติและประสบการณ์","วุฒิการศึกษา  : 



ปริญญาตรี","สถานที่  : 



กทม. (จตุจักร)",https://www.jobtopgun.com/%E0%B8%AB%E0%B8%B2%E0%B8%87%E0%B8%B2%E0%B8%99/airfreight-sales-executive-bkk%20-%20%E0%B9%80%E0%B8%84%E0%B8%94%E0%B8%B1%E0%B8%9A%E0%B8%9A%E0%B8%A5%E0%B8%B4%E0%B8%A7%E0%B8%AD%E0%B8%B5-%E0%B8%84%E0%B8%B4%E0%B8%99%E0%B9%80%E0%B8%97%E0%B8%8B%E0%B8%B6-%E0%B9%80%E0%B8%A7%E0%B8%B4%E0%B8%A5%E0%B8%94%E0%B9%8C-%E0%B9%80%E0%B8%AD%E0%B9%87%E0%B8%81%E0%B8%8B%E0%B9%80%E0%B8%9B%E0%B8%A3%E0%B8%AA/jobpost/5414/187
37,QA Assistant Manager,บริษัท ฟอร์ไมก้า (ประเทศไทย) จำกัด,"เงินเดือน  : 



สามารถเจรจาต่อรองได้","วุฒิการศึกษา  : 



ปริญญาตรีหรือสูงกว่า","สถานที่  : 



กรุงเทพและปริมณฑล",https://www.jobtopgun.com/%E0%B8%AB%E0%B8%B2%E0%B8%87%E0%B8%B2%E0%B8%99/qa-assistant-manager%20-%20%E0%B8%9F%E0%B8%AD%E0%B8%A3%E0%B9%8C%E0%B9%84%E0%B8%A1%E0%B8%81%E0%B9%89%E0%B8%B2/jobpost/15916/86
38,Executive Assistant,บริษัท เจเนอรัล อิเลคทรอนิค คอมเมอร์ซ เซอร์วิสเซส จำกัด,"เงินเดือน  : 



25,000 - 60,000 บาท/เดือน","วุฒิการศึกษา  : 



ปริญญาตรีหรือสูงกว่า","สถานที่  : 



กทม. (ปทุมวัน)",https://www.jobtopgun.com/%E0%B8%AB%E0%B8%B2%E0%B8%87%E0%B8%B2%E0%B8%99/executive-assistant%20-%20%E0%B9%80%E0%B8%88%E0%B9%80%E0%B8%99%E0%B8%AD%E0%B8%A3%E0%B8%B1%E0%B8%A5-%E0%B8%AD%E0%B8%B4%E0%B9%80%E0%B8%A5%E0%B8%84%E0%B8%97%E0%B8%A3%E0%B8%AD%E0%B8%99%E0%B8%B4%E0%B8%84-%E0%B8%84%E0%B8%AD%E0%B8%A1%E0%B9%80%E0%B8%A1%E0%B8%AD%E0%B8%A3%E0%B9%8C%E0%B8%8B-%E0%B9%80%E0%B8%8B%E0%B8%AD%E0%B8%A3%E0%B9%8C%E0%B8%A7%E0%B8%B4%E0%B8%AA%E0%B9%80%E0%B8%8B%E0%B8%AA/jobpost/475/100
39,Warehouse Supervisor,บริษัท ฟอร์ไมก้า (ประเทศไทย) จำกัด,"เงินเดือน  : 



สามารถเจรจาต่อรองได้","วุฒิการศึกษา  : 



ปริญญาตรี","สถานที่  : 



สมุทรปราการ",https://www.jobtopgun.com/%E0%B8%AB%E0%B8%B2%E0%B8%87%E0%B8%B2%E0%B8%99/warehouse-supervisor%20-%20%E0%B8%9F%E0%B8%AD%E0%B8%A3%E0%B9%8C%E0%B9%84%E0%B8%A1%E0%B8%81%E0%B9%89%E0%B8%B2/jobpost/15916/85
40,Assistant Managing Director Finance & Investment Relations,บริษัท เสนาดีเวลลอปเม้นท์ จำกัด (มหาชน),"เงินเดือน  : 



สามารถเจรจาต่อรองได้","วุฒิการศึกษา  : 



ปริญญาโท","สถานที่  : 



กรุงเทพและปริมณฑล",https://www.jobtopgun.com/%E0%B8%AB%E0%B8%B2%E0%B8%87%E0%B8%B2%E0%B8%99/assistant-managing-director-finance-investment-relations%20-%20%E0%B9%80%E0%B8%AA%E0%B8%99%E0%B8%B2%E0%B8%94%E0%B8%B5%E0%B9%80%E0%B8%A7%E0%B8%A5%E0%B8%A5%E0%B8%AD%E0%B8%9B%E0%B9%80%E0%B8%A1%E0%B9%89%E0%B8%99%E0%B8%97%E0%B9%8C/jobpost/8326/156
41,ผู้อำนวยการ ฝ่ายบริหารงานโครงการอาคารสูง,บริษัท เสนาดีเวลลอปเม้นท์ จำกัด (มหาชน),"เงินเดือน  : 



สามารถเจรจาต่อรองได้","วุฒิการศึกษา  : 



ปริญญาตรีหรือสูงกว่า","สถานที่  : 



กรุงเทพและปริมณฑล",https://www.jobtopgun.com/%E0%B8%AB%E0%B8%B2%E0%B8%87%E0%B8%B2%E0%B8%99/%E0%B8%9C%E0%B8%B9%E0%B9%89%E0%B8%AD%E0%B8%B3%E0%B8%99%E0%B8%A7%E0%B8%A2%E0%B8%81%E0%B8%B2%E0%B8%A3-%E0%B8%9D%E0%B9%88%E0%B8%B2%E0%B8%A2%E0%B8%9A%E0%B8%A3%E0%B8%B4%E0%B8%AB%E0%B8%B2%E0%B8%A3%E0%B8%87%E0%B8%B2%E0%B8%99%E0%B9%82%E0%B8%84%E0%B8%A3%E0%B8%87%E0%B8%81%E0%B8%B2%E0%B8%A3%E0%B8%AD%E0%B8%B2%E0%B8%84%E0%B8%B2%E0%B8%A3%E0%B8%AA%E0%B8%B9%E0%B8%87%20-%20%E0%B9%80%E0%B8%AA%E0%B8%99%E0%B8%B2%E0%B8%94%E0%B8%B5%E0%B9%80%E0%B8%A7%E0%B8%A5%E0%B8%A5%E0%B8%AD%E0%B8%9B%E0%B9%80%E0%B8%A1%E0%B9%89%E0%B8%99%E0%B8%97%E0%B9%8C/jobpost/8326/61
42,เจ้าหน้าที่ประสานงานราชการ,บริษัท อีสเทอร์น สตาร์ เรียล เอสเตท จำกัด (มหาชน),"เงินเดือน  : 



สามารถเจรจาต่อรองได้","วุฒิการศึกษา  : 



ปริญญาตรี","สถานที่  : 



กทม. (ปทุมวัน)",https://www.jobtopgun.com/%E0%B8%AB%E0%B8%B2%E0%B8%87%E0%B8%B2%E0%B8%99/%E0%B9%80%E0%B8%88%E0%B9%89%E0%B8%B2%E0%B8%AB%E0%B8%99%E0%B9%89%E0%B8%B2%E0%B8%97%E0%B8%B5%E0%B9%88%E0%B8%9B%E0%B8%A3%E0%B8%B0%E0%B8%AA%E0%B8%B2%E0%B8%99%E0%B8%87%E0%B8%B2%E0%B8%99%E0%B8%A3%E0%B8%B2%E0%B8%8A%E0%B8%81%E0%B8%B2%E0%B8%A3%20-%20%E0%B8%AD%E0%B8%B5%E0%B8%AA%E0%B9%80%E0%B8%97%E0%B8%AD%E0%B8%A3%E0%B9%8C%E0%B8%99-%E0%B8%AA%E0%B8%95%E0%B8%B2%E0%B8%A3%E0%B9%8C-%E0%B9%80%E0%B8%A3%E0%B8%B5%E0%B8%A2%E0%B8%A5-%E0%B9%80%E0%B8%AD%E0%B8%AA%E0%B9%80%E0%B8%95%E0%B8%97/jobpost/1923/324
43,โฟร์แมน (ทำงานประจำที่อำเภอบ้านฉาง จังหวัดระยอง)1 อัตรา,บริษัท อีสเทอร์น สตาร์ เรียล เอสเตท จำกัด (มหาชน),"เงินเดือน  : 



สามารถเจรจาต่อรองได้","วุฒิการศึกษา  : 



ปวช.-ปวส.","สถานที่  : 



ระยอง",https://www.jobtopgun.com/%E0%B8%AB%E0%B8%B2%E0%B8%87%E0%B8%B2%E0%B8%99/%E0%B9%82%E0%B8%9F%E0%B8%A3%E0%B9%8C%E0%B9%81%E0%B8%A1%E0%B8%99-%E0%B8%97%E0%B8%B3%E0%B8%87%E0%B8%B2%E0%B8%99%E0%B8%9B%E0%B8%A3%E0%B8%B0%E0%B8%88%E0%B8%B3%E0%B8%97%E0%B8%B5%E0%B9%88%E0%B8%AD%E0%B8%B3%E0%B9%80%E0%B8%A0%E0%B8%AD%E0%B8%9A%E0%B9%89%E0%B8%B2%E0%B8%99%E0%B8%89%E0%B8%B2%E0%B8%87-%E0%B8%88%E0%B8%B1%E0%B8%87%E0%B8%AB%E0%B8%A7%E0%B8%B1%E0%B8%94%E0%B8%A3%E0%B8%B0%E0%B8%A2%E0%B8%AD%E0%B8%87-1-%E0%B8%AD%E0%B8%B1%E0%B8%95%E0%B8%A3%E0%B8%B2%20-%20%E0%B8%AD%E0%B8%B5%E0%B8%AA%E0%B9%80%E0%B8%97%E0%B8%AD%E0%B8%A3%E0%B9%8C%E0%B8%99-%E0%B8%AA%E0%B8%95%E0%B8%B2%E0%B8%A3%E0%B9%8C-%E0%B9%80%E0%B8%A3%E0%B8%B5%E0%B8%A2%E0%B8%A5-%E0%B9%80%E0%B8%AD%E0%B8%AA%E0%B9%80%E0%B8%95%E0%B8%97/jobpost/1923/322
44,ช่างซ่อมบำรุง (ทำงานประจำที่อำเภอบ้านฉาง จังหวัดระยอง) 2 อัตรา,บริษัท อีสเทอร์น สตาร์ เรียล เอสเตท จำกัด (มหาชน),"เงินเดือน  : 



สามารถเจรจาต่อรองได้","วุฒิการศึกษา  : 



ปวช.-ปวส.","สถานที่  : 



ระยอง",https://www.jobtopgun.com/%E0%B8%AB%E0%B8%B2%E0%B8%87%E0%B8%B2%E0%B8%99/%E0%B8%8A%E0%B9%88%E0%B8%B2%E0%B8%87%E0%B8%8B%E0%B9%88%E0%B8%AD%E0%B8%A1%E0%B8%9A%E0%B8%B3%E0%B8%A3%E0%B8%B8%E0%B8%87-%E0%B8%97%E0%B8%B3%E0%B8%87%E0%B8%B2%E0%B8%99%E0%B8%9B%E0%B8%A3%E0%B8%B0%E0%B8%88%E0%B8%B3%E0%B8%97%E0%B8%B5%E0%B9%88%E0%B8%AD%E0%B8%B3%E0%B9%80%E0%B8%A0%E0%B8%AD%E0%B8%9A%E0%B9%89%E0%B8%B2%E0%B8%99%E0%B8%89%E0%B8%B2%E0%B8%87-%E0%B8%88%E0%B8%B1%E0%B8%87%E0%B8%AB%E0%B8%A7%E0%B8%B1%E0%B8%94%E0%B8%A3%E0%B8%B0%E0%B8%A2%E0%B8%AD%E0%B8%87-2-%E0%B8%AD%E0%B8%B1%E0%B8%95%E0%B8%A3%E0%B8%B2%20-%20%E0%B8%AD%E0%B8%B5%E0%B8%AA%E0%B9%80%E0%B8%97%E0%B8%AD%E0%B8%A3%E0%B9%8C%E0%B8%99-%E0%B8%AA%E0%B8%95%E0%B8%B2%E0%B8%A3%E0%B9%8C-%E0%B9%80%E0%B8%A3%E0%B8%B5%E0%B8%A2%E0%B8%A5-%E0%B9%80%E0%B8%AD%E0%B8%AA%E0%B9%80%E0%B8%95%E0%B8%97/jobpost/1923/323
45,เจ้าหน้าที่บัญชี  (ประจำกรุงเทพฯ),บริษัท อีสเทอร์น สตาร์ เรียล เอสเตท จำกัด (มหาชน),"เงินเดือน  : 



สามารถเจรจาต่อรองได้","วุฒิการศึกษา  : 



ปริญญาตรี","สถานที่  : 



กทม. (ปทุมวัน)",https://www.jobtopgun.com/%E0%B8%AB%E0%B8%B2%E0%B8%87%E0%B8%B2%E0%B8%99/%E0%B9%80%E0%B8%88%E0%B9%89%E0%B8%B2%E0%B8%AB%E0%B8%99%E0%B9%89%E0%B8%B2%E0%B8%97%E0%B8%B5%E0%B9%88%E0%B8%9A%E0%B8%B1%E0%B8%8D%E0%B8%8A%E0%B8%B5-%E0%B8%9B%E0%B8%A3%E0%B8%B0%E0%B8%88%E0%B8%B3%E0%B8%81%E0%B8%A3%E0%B8%B8%E0%B8%87%E0%B9%80%E0%B8%97%E0%B8%9E%E0%B8%AF%20-%20%E0%B8%AD%E0%B8%B5%E0%B8%AA%E0%B9%80%E0%B8%97%E0%B8%AD%E0%B8%A3%E0%B9%8C%E0%B8%99-%E0%B8%AA%E0%B8%95%E0%B8%B2%E0%B8%A3%E0%B9%8C-%E0%B9%80%E0%B8%A3%E0%B8%B5%E0%B8%A2%E0%B8%A5-%E0%B9%80%E0%B8%AD%E0%B8%AA%E0%B9%80%E0%B8%95%E0%B8%97/jobpost/1923/312
46,สถาปนิก (ทำงานประจำที่อำเภอบ้านฉาง จังหวัดระยอง) 1 อัตรา,บริษัท อีสเทอร์น สตาร์ เรียล เอสเตท จำกัด (มหาชน),"เงินเดือน  : 



สามารถเจรจาต่อรองได้","วุฒิการศึกษา  : 



ปริญญาตรี","สถานที่  : 



ระยอง",https://www.jobtopgun.com/%E0%B8%AB%E0%B8%B2%E0%B8%87%E0%B8%B2%E0%B8%99/%E0%B8%AA%E0%B8%96%E0%B8%B2%E0%B8%9B%E0%B8%99%E0%B8%B4%E0%B8%81-%E0%B8%97%E0%B8%B3%E0%B8%87%E0%B8%B2%E0%B8%99%E0%B8%9B%E0%B8%A3%E0%B8%B0%E0%B8%88%E0%B8%B3%E0%B8%97%E0%B8%B5%E0%B9%88%E0%B8%AD%E0%B8%B3%E0%B9%80%E0%B8%A0%E0%B8%AD%E0%B8%9A%E0%B9%89%E0%B8%B2%E0%B8%99%E0%B8%89%E0%B8%B2%E0%B8%87-%E0%B8%88%E0%B8%B1%E0%B8%87%E0%B8%AB%E0%B8%A7%E0%B8%B1%E0%B8%94%E0%B8%A3%E0%B8%B0%E0%B8%A2%E0%B8%AD%E0%B8%87-1-%E0%B8%AD%E0%B8%B1%E0%B8%95%E0%B8%A3%E0%B8%B2%20-%20%E0%B8%AD%E0%B8%B5%E0%B8%AA%E0%B9%80%E0%B8%97%E0%B8%AD%E0%B8%A3%E0%B9%8C%E0%B8%99-%E0%B8%AA%E0%B8%95%E0%B8%B2%E0%B8%A3%E0%B9%8C-%E0%B9%80%E0%B8%A3%E0%B8%B5%E0%B8%A2%E0%B8%A5-%E0%B9%80%E0%B8%AD%E0%B8%AA%E0%B9%80%E0%B8%95%E0%B8%97/jobpost/1923/321
47,Regional Packaging Engineer,บริษัท เด็นโซ่ อินเตอร์เนชั่นแนล เอเชีย จำกัด,"เงินเดือน  : 



สามารถเจรจาต่อรองได้","วุฒิการศึกษา  : 



ปริญญาตรี","สถานที่  : 



สมุทรปราการ",https://www.jobtopgun.com/%E0%B8%AB%E0%B8%B2%E0%B8%87%E0%B8%B2%E0%B8%99/regional-packaging-engineer%20-%20%E0%B9%80%E0%B8%94%E0%B9%87%E0%B8%99%E0%B9%82%E0%B8%8B%E0%B9%88-%E0%B8%AD%E0%B8%B4%E0%B8%99%E0%B9%80%E0%B8%95%E0%B8%AD%E0%B8%A3%E0%B9%8C%E0%B9%80%E0%B8%99%E0%B8%8A%E0%B8%B1%E0%B9%88%E0%B8%99%E0%B9%81%E0%B8%99%E0%B8%A5-%E0%B9%80%E0%B8%AD%E0%B9%80%E0%B8%8A%E0%B8%B5%E0%B8%A2/jobpost/5348/490
48,Robot Engineer Senior Officer   (1 Position ),บริษัท เด็นโซ่ อินเตอร์เนชั่นแนล เอเชีย จำกัด,"เงินเดือน  : 



สามารถเจรจาต่อรองได้","วุฒิการศึกษา  : 



ปริญญาตรี","สถานที่  : 



สมุทรปราการ",https://www.jobtopgun.com/%E0%B8%AB%E0%B8%B2%E0%B8%87%E0%B8%B2%E0%B8%99/robot-engineer-senior-officer-1-position%20-%20%E0%B9%80%E0%B8%94%E0%B9%87%E0%B8%99%E0%B9%82%E0%B8%8B%E0%B9%88-%E0%B8%AD%E0%B8%B4%E0%B8%99%E0%B9%80%E0%B8%95%E0%B8%AD%E0%B8%A3%E0%B9%8C%E0%B9%80%E0%B8%99%E0%B8%8A%E0%B8%B1%E0%B9%88%E0%B8%99%E0%B9%81%E0%B8%99%E0%B8%A5-%E0%B9%80%E0%B8%AD%E0%B9%80%E0%B8%8A%E0%B8%B5%E0%B8%A2/jobpost/5348/489
49,Quality Engineer (Senior Officer),บริษัท เด็นโซ่ อินเตอร์เนชั่นแนล เอเชีย จำกัด,"เงินเดือน  : 



สามารถเจรจาต่อรองได้","วุฒิการศึกษา  : 



ปริญญาตรีหรือสูงกว่า","สถานที่  : 



สมุทรปราการ",https://www.jobtopgun.com/%E0%B8%AB%E0%B8%B2%E0%B8%87%E0%B8%B2%E0%B8%99/quality-engineer-senior-officer%20-%20%E0%B9%80%E0%B8%94%E0%B9%87%E0%B8%99%E0%B9%82%E0%B8%8B%E0%B9%88-%E0%B8%AD%E0%B8%B4%E0%B8%99%E0%B9%80%E0%B8%95%E0%B8%AD%E0%B8%A3%E0%B9%8C%E0%B9%80%E0%B8%99%E0%B8%8A%E0%B8%B1%E0%B9%88%E0%B8%99%E0%B9%81%E0%B8%99%E0%B8%A5-%E0%B9%80%E0%B8%AD%E0%B9%80%E0%B8%8A%E0%B8%B5%E0%B8%A2/jobpost/5348/491
50,ผู้อำนวยการฝ่ายการตลาดบ้านและคอนโด,บริษัท เสนาดีเวลลอปเม้นท์ จำกัด (มหาชน),"เงินเดือน  : 



ขึ้นอยู่กับคุณสมบัติและประสบการณ์","วุฒิการศึกษา  : 



ปริญญาตรีหรือสูงกว่า","สถานที่  : 



กทม. (ห้วยขวาง)",https://www.jobtopgun.com/%E0%B8%AB%E0%B8%B2%E0%B8%87%E0%B8%B2%E0%B8%99/%E0%B8%9C%E0%B8%B9%E0%B9%89%E0%B8%AD%E0%B8%B3%E0%B8%99%E0%B8%A7%E0%B8%A2%E0%B8%81%E0%B8%B2%E0%B8%A3%E0%B8%9D%E0%B9%88%E0%B8%B2%E0%B8%A2%E0%B8%81%E0%B8%B2%E0%B8%A3%E0%B8%95%E0%B8%A5%E0%B8%B2%E0%B8%94%E0%B8%9A%E0%B9%89%E0%B8%B2%E0%B8%99%E0%B9%81%E0%B8%A5%E0%B8%B0%E0%B8%84%E0%B8%AD%E0%B8%99%E0%B9%82%E0%B8%94%20-%20%E0%B9%80%E0%B8%AA%E0%B8%99%E0%B8%B2%E0%B8%94%E0%B8%B5%E0%B9%80%E0%B8%A7%E0%B8%A5%E0%B8%A5%E0%B8%AD%E0%B8%9B%E0%B9%80%E0%B8%A1%E0%B9%89%E0%B8%99%E0%B8%97%E0%B9%8C/jobpost/8326/89
51,Macroeconomic Analyst,บริษัท หลักทรัพย์จัดการกองทุน กรุงไทย จำกัด (มหาชน),"เงินเดือน  : 



สามารถเจรจาต่อรองได้","วุฒิการศึกษา  : 



ปริญญาตรี","สถานที่  : 



กรุงเทพและปริมณฑล",https://www.jobtopgun.com/%E0%B8%AB%E0%B8%B2%E0%B8%87%E0%B8%B2%E0%B8%99/macroeconomic-analyst%20-%20%E0%B8%9A%E0%B8%A3%E0%B8%B4%E0%B8%A9%E0%B8%B1%E0%B8%97-%E0%B8%AB%E0%B8%A5%E0%B8%B1%E0%B8%81%E0%B8%97%E0%B8%A3%E0%B8%B1%E0%B8%9E%E0%B8%A2%E0%B9%8C%E0%B8%88%E0%B8%B1%E0%B8%94%E0%B8%81%E0%B8%B2%E0%B8%A3%E0%B8%81%E0%B8%AD%E0%B8%87%E0%B8%97%E0%B8%B8%E0%B8%99-%E0%B8%81%E0%B8%A3%E0%B8%B8%E0%B8%87%E0%B9%84%E0%B8%97%E0%B8%A2-%E0%B8%88%E0%B8%B3%E0%B8%81%E0%B8%B1%E0%B8%94-%E0%B8%A1%E0%B8%AB%E0%B8%B2%E0%B8%8A%E0%B8%99/jobpost/18681/12
52,พนักงานบัญชี,บริษัท อีเวนท์ บานาน่า จำกัด,"เงินเดือน  : 



15,000 - 25,000 บาท/เดือน","วุฒิการศึกษา  : 



ประกาศนียบัตรวิชาชีพชั้นสูง (ปวส.) หรือปริญญาตรี","สถานที่  : 



กรุงเทพและปริมณฑล",https://www.jobtopgun.com/%E0%B8%AB%E0%B8%B2%E0%B8%87%E0%B8%B2%E0%B8%99/%E0%B8%9E%E0%B8%99%E0%B8%B1%E0%B8%81%E0%B8%87%E0%B8%B2%E0%B8%99%E0%B8%9A%E0%B8%B1%E0%B8%8D%E0%B8%8A%E0%B8%B5%20-%20%E0%B8%AD%E0%B8%B5%E0%B9%80%E0%B8%A7%E0%B8%99%E0%B8%97%E0%B9%8C-%E0%B8%9A%E0%B8%B2%E0%B8%99%E0%B8%B2%E0%B8%99%E0%B9%88%E0%B8%B2/jobpost/29925/9
53,Senior Accountant - Financial analyst,บริษัท พรอพเพอร์ตี้ เทคโนโลยี่ จำกัด,"เงินเดือน  : 



25,000 - 50,000 บาท/เดือน","วุฒิการศึกษา  : 



ปริญญาตรี","สถานที่  : 



สมุทรปราการ",https://www.jobtopgun.com/%E0%B8%AB%E0%B8%B2%E0%B8%87%E0%B8%B2%E0%B8%99/senior-accountant-financial-analyst%20-%20%E0%B8%9E%E0%B8%A3%E0%B8%AD%E0%B8%9E%E0%B9%80%E0%B8%9E%E0%B8%AD%E0%B8%A3%E0%B9%8C%E0%B8%95%E0%B8%B5%E0%B9%89-%E0%B9%80%E0%B8%97%E0%B8%84%E0%B9%82%E0%B8%99%E0%B9%82%E0%B8%A5%E0%B8%A2%E0%B8%B5%E0%B9%88/jobpost/3559/383
54,เจ้าหน้าทำ  Motion Graphic และตัดต่อวิดีโอ,บริษัท ดีนำทิศ ไอเดีย จำกัด,"เงินเดือน  : 



25,000 - 30,000 บาท/เดือน","วุฒิการศึกษา  : 



ปริญญาตรี","สถานที่  : 



กรุงเทพและปริมณฑล",https://www.jobtopgun.com/%E0%B8%AB%E0%B8%B2%E0%B8%87%E0%B8%B2%E0%B8%99/%E0%B9%80%E0%B8%88%E0%B9%89%E0%B8%B2%E0%B8%AB%E0%B8%99%E0%B9%89%E0%B8%B2%E0%B8%97%E0%B8%B3-motion-graphic-%E0%B9%81%E0%B8%A5%E0%B8%B0%E0%B8%95%E0%B8%B1%E0%B8%94%E0%B8%95%E0%B9%88%E0%B8%AD%E0%B8%A7%E0%B8%B4%E0%B8%94%E0%B8%B5%E0%B9%82%E0%B8%AD%20-%20%E0%B8%9A%E0%B8%A3%E0%B8%B4%E0%B8%A9%E0%B8%B1%E0%B8%97-%E0%B8%94%E0%B8%B5%E0%B8%99%E0%B8%B3%E0%B8%97%E0%B8%B4%E0%B8%A8-%E0%B9%84%E0%B8%AD%E0%B9%80%E0%B8%94%E0%B8%B5%E0%B8%A2-%E0%B8%88%E0%B8%B3%E0%B8%81%E0%B8%B1%E0%B8%94/jobpost/240041/1
55,Producer(ผลิตรายการขายสินค้าทางออนไลน์) ปฏิบัติงานสำนักงานมักกะสัน,บริษัท พรอพเพอร์ตี้ เทคโนโลยี่ จำกัด,"เงินเดือน  : 



20,000 - 30,000 บาท/เดือน","วุฒิการศึกษา  : 



ปริญญาตรี","สถานที่  : 



กทม. (ห้วยขวาง, ราชเทวี, พญาไท)",https://www.jobtopgun.com/%E0%B8%AB%E0%B8%B2%E0%B8%87%E0%B8%B2%E0%B8%99/producer-%E0%B8%9C%E0%B8%A5%E0%B8%B4%E0%B8%95%E0%B8%A3%E0%B8%B2%E0%B8%A2%E0%B8%81%E0%B8%B2%E0%B8%A3%E0%B8%82%E0%B8%B2%E0%B8%A2%E0%B8%AA%E0%B8%B4%E0%B8%99%E0%B8%84%E0%B9%89%E0%B8%B2%E0%B8%97%E0%B8%B2%E0%B8%87%E0%B8%AD%E0%B8%AD%E0%B8%99%E0%B9%84%E0%B8%A5%E0%B8%99%E0%B9%8C-%E0%B8%9B%E0%B8%8F%E0%B8%B4%E0%B8%9A%E0%B8%B1%E0%B8%95%E0%B8%B4%E0%B8%87%E0%B8%B2%E0%B8%99%E0%B8%AA%E0%B8%B3%E0%B8%99%E0%B8%B1%E0%B8%81%E0%B8%87%E0%B8%B2%E0%B8%99%E0%B8%A1%E0%B8%B1%E0%B8%81%E0%B8%81%E0%B8%B0%E0%B8%AA%E0%B8%B1%E0%B8%99%20-%20%E0%B8%9E%E0%B8%A3%E0%B8%AD%E0%B8%9E%E0%B9%80%E0%B8%9E%E0%B8%AD%E0%B8%A3%E0%B9%8C%E0%B8%95%E0%B8%B5%E0%B9%89-%E0%B9%80%E0%B8%97%E0%B8%84%E0%B9%82%E0%B8%99%E0%B9%82%E0%B8%A5%E0%B8%A2%E0%B8%B5%E0%B9%88/jobpost/3559/382
56,HRM Manager (49850),"Reeracoen Eastern Seaboard Recruitment Co., Ltd.","เงินเดือน  : 



60,000 - 80,000 บาท/เดือน","วุฒิการศึกษา  : 



ปริญญาตรี","สถานที่  : 



ชลบุรี",https://www.jobtopgun.com/%E0%B8%AB%E0%B8%B2%E0%B8%87%E0%B8%B2%E0%B8%99/hrm-manager-49850%20-%20reeracoen-eastern-seaboard-recruitment/jobpost/24794/1417
57,Sales Executive,บริษัท สปอร์ตส เอ็นจิเนียริ่ง แอนด์ รีครีเอชั่น เอเซีย จำกัด,"เงินเดือน  : 



25,000 - 30,000 บาท/เดือน + Commission","วุฒิการศึกษา  : 



ปริญญาตรี","สถานที่  : 



กรุงเทพมหานคร",https://www.jobtopgun.com/%E0%B8%AB%E0%B8%B2%E0%B8%87%E0%B8%B2%E0%B8%99/sales-executive%20-%20%E0%B8%AA%E0%B8%9B%E0%B8%AD%E0%B8%A3%E0%B9%8C%E0%B8%95%E0%B8%AA-%E0%B9%80%E0%B8%AD%E0%B9%87%E0%B8%99%E0%B8%88%E0%B8%B4%E0%B9%80%E0%B8%99%E0%B8%B5%E0%B8%A2%E0%B8%A3%E0%B8%B4%E0%B9%88%E0%B8%87-%E0%B9%81%E0%B8%AD%E0%B8%99%E0%B8%94%E0%B9%8C-%E0%B8%A3%E0%B8%B5%E0%B8%84%E0%B8%A3%E0%B8%B5%E0%B9%80%E0%B8%AD%E0%B8%8A%E0%B8%B1%E0%B9%88%E0%B8%99-%E0%B9%80%E0%B8%AD%E0%B9%80%E0%B8%8B%E0%B8%B5%E0%B8%A2/jobpost/540/50
58,Sales Executive / Senior Sales Executive (ประจำศรีราชา),บริษัท ออริจิ้น พร็อพเพอร์ตี้ จำกัด (มหาชน),"เงินเดือน  : 



สามารถเจรจาต่อรองได้ + Commission","วุฒิการศึกษา  : 



ปริญญาตรีหรือสูงกว่า","สถานที่  : 



ชลบุรี, ระยอง",https://www.jobtopgun.com/%E0%B8%AB%E0%B8%B2%E0%B8%87%E0%B8%B2%E0%B8%99/sales-executive-senior-sales-executive-%E0%B8%9B%E0%B8%A3%E0%B8%B0%E0%B8%88%E0%B8%B3%E0%B8%A8%E0%B8%A3%E0%B8%B5%E0%B8%A3%E0%B8%B2%E0%B8%8A%E0%B8%B2%20-%20%E0%B8%AD%E0%B8%AD%E0%B8%A3%E0%B8%B4%E0%B8%88%E0%B8%B4%E0%B9%89%E0%B8%99-%E0%B8%9E%E0%B8%A3%E0%B9%87%E0%B8%AD%E0%B8%9E%E0%B9%80%E0%B8%9E%E0%B8%AD%E0%B8%A3%E0%B9%8C%E0%B8%95%E0%B8%B5%E0%B9%89/jobpost/19096/122
59,Q.A. Engineer (45684),"Reeracoen Eastern Seaboard Recruitment Co., Ltd.","เงินเดือน  : 



25,000 - 40,000 บาท/เดือน","วุฒิการศึกษา  : 



ปริญญาตรี","สถานที่  : 



ชลบุรี",https://www.jobtopgun.com/%E0%B8%AB%E0%B8%B2%E0%B8%87%E0%B8%B2%E0%B8%99/q-a-engineer-45684%20-%20reeracoen-eastern-seaboard-recruitment/jobpost/24794/1416
60,เลขานุการผู้บริหาร,บริษัท บี พลัส บี จำกัด,"เงินเดือน  : 



สามารถเจรจาต่อรองได้","วุฒิการศึกษา  : 



ปริญญาตรี","สถานที่  : 



กทม. (สาทร)",https://www.jobtopgun.com/%E0%B8%AB%E0%B8%B2%E0%B8%87%E0%B8%B2%E0%B8%99/%E0%B9%80%E0%B8%A5%E0%B8%82%E0%B8%B2%E0%B8%99%E0%B8%B8%E0%B8%81%E0%B8%B2%E0%B8%A3%E0%B8%9C%E0%B8%B9%E0%B9%89%E0%B8%9A%E0%B8%A3%E0%B8%B4%E0%B8%AB%E0%B8%B2%E0%B8%A3%20-%20%E0%B8%9A%E0%B8%B5-%E0%B8%9E%E0%B8%A5%E0%B8%B1%E0%B8%AA-%E0%B8%9A%E0%B8%B5/jobpost/29847/24
61,เจ้าหน้าที่ผู้ช่วยแพทย์,โรงพยาบาลจักษุรัตนิน/บริษัท แพทย์รัตนิน จำกัด,"เงินเดือน  : 



12,000 - 15,000 บาท/เดือน","วุฒิการศึกษา  : 



ประกาศนียบัตรวิชาชีพ (ปวช.) หรือสูงกว่า","สถานที่  : 



กทม. (วัฒนา)",https://www.jobtopgun.com/%E0%B8%AB%E0%B8%B2%E0%B8%87%E0%B8%B2%E0%B8%99/%E0%B9%80%E0%B8%88%E0%B9%89%E0%B8%B2%E0%B8%AB%E0%B8%99%E0%B9%89%E0%B8%B2%E0%B8%97%E0%B8%B5%E0%B9%88%E0%B8%9C%E0%B8%B9%E0%B9%89%E0%B8%8A%E0%B9%88%E0%B8%A7%E0%B8%A2%E0%B9%81%E0%B8%9E%E0%B8%97%E0%B8%A2%E0%B9%8C%20-%20%E0%B9%82%E0%B8%A3%E0%B8%87%E0%B8%9E%E0%B8%A2%E0%B8%B2%E0%B8%9A%E0%B8%B2%E0%B8%A5%E0%B8%88%E0%B8%B1%E0%B8%81%E0%B8%A9%E0%B8%B8%E0%B8%A3%E0%B8%B1%E0%B8%95%E0%B8%99%E0%B8%B4%E0%B8%99/jobpost/18555/85
62,เจ้าหน้าที่บัญชี,บริษัท บี พลัส บี จำกัด,"เงินเดือน  : 



20,000 - 30,000 บาท/เดือน","วุฒิการศึกษา  : 



ปริญญาตรี","สถานที่  : 



กทม. (สาทร)",https://www.jobtopgun.com/%E0%B8%AB%E0%B8%B2%E0%B8%87%E0%B8%B2%E0%B8%99/%E0%B9%80%E0%B8%88%E0%B9%89%E0%B8%B2%E0%B8%AB%E0%B8%99%E0%B9%89%E0%B8%B2%E0%B8%97%E0%B8%B5%E0%B9%88%E0%B8%9A%E0%B8%B1%E0%B8%8D%E0%B8%8A%E0%B8%B5%20-%20%E0%B8%9A%E0%B8%B5-%E0%B8%9E%E0%B8%A5%E0%B8%B1%E0%B8%AA-%E0%B8%9A%E0%B8%B5/jobpost/29847/31
63,QA Supervisor (49851),"Reeracoen Eastern Seaboard Recruitment Co., Ltd.","เงินเดือน  : 



25,000 - 40,000 บาท/เดือน","วุฒิการศึกษา  : 



ปริญญาตรี","สถานที่  : 



ชลบุรี",https://www.jobtopgun.com/%E0%B8%AB%E0%B8%B2%E0%B8%87%E0%B8%B2%E0%B8%99/qa-supervisor-49851%20-%20reeracoen-eastern-seaboard-recruitment/jobpost/24794/1415
64,Administrative Officer,บริษัท โกลบอล เวนเจอร์ โซลูชั่นส์ จำกัด,"เงินเดือน  : 



สามารถเจรจาต่อรองได้","วุฒิการศึกษา  : 



ประกาศนียบัตรวิชาชีพชั้นสูง (ปวส.) หรือปริญญาตรี","สถานที่  : 



สมุทรสาคร",https://www.jobtopgun.com/%E0%B8%AB%E0%B8%B2%E0%B8%87%E0%B8%B2%E0%B8%99/administrative-officer%20-%20%E0%B9%82%E0%B8%81%E0%B8%A5%E0%B8%9A%E0%B8%AD%E0%B8%A5-%E0%B9%80%E0%B8%A7%E0%B8%99%E0%B9%80%E0%B8%88%E0%B8%AD%E0%B8%A3%E0%B9%8C-%E0%B9%82%E0%B8%8B%E0%B8%A5%E0%B8%B9%E0%B8%8A%E0%B8%B1%E0%B9%88%E0%B8%99%E0%B8%AA%E0%B9%8C/jobpost/6196/32
65,Accounting Officer (Urgent),บริษัท โกลบอล เวนเจอร์ โซลูชั่นส์ จำกัด,"เงินเดือน  : 



ขึ้นอยู่กับคุณสมบัติและประสบการณ์","วุฒิการศึกษา  : 



ประกาศนียบัตรวิชาชีพชั้นสูง (ปวส.) หรือปริญญาตรี","สถานที่  : 



สมุทรสาคร",https://www.jobtopgun.com/%E0%B8%AB%E0%B8%B2%E0%B8%87%E0%B8%B2%E0%B8%99/accounting-officer-urgent%20-%20%E0%B9%82%E0%B8%81%E0%B8%A5%E0%B8%9A%E0%B8%AD%E0%B8%A5-%E0%B9%80%E0%B8%A7%E0%B8%99%E0%B9%80%E0%B8%88%E0%B8%AD%E0%B8%A3%E0%B9%8C-%E0%B9%82%E0%B8%8B%E0%B8%A5%E0%B8%B9%E0%B8%8A%E0%B8%B1%E0%B9%88%E0%B8%99%E0%B8%AA%E0%B9%8C/jobpost/6196/33
66,เภสัชกร,บริษัท โรงพยาบาลปิยะเวท จำกัด (มหาชน) และ สถาบันสุขภาพและความงามตรัยญา(เครือโรงพยาบาลบางประกอก),"เงินเดือน  : 



สามารถเจรจาต่อรองได้","วุฒิการศึกษา  : 



ปริญญาตรีหรือสูงกว่า","สถานที่  : 



กทม. (ห้วยขวาง)",https://www.jobtopgun.com/%E0%B8%AB%E0%B8%B2%E0%B8%87%E0%B8%B2%E0%B8%99/%E0%B9%80%E0%B8%A0%E0%B8%AA%E0%B8%B1%E0%B8%8A%E0%B8%81%E0%B8%A3%20-%20tria-integrative-wellness/jobpost/10565/45
67,เจ้าหน้าที่ฝ่ายบุคคลอาวุโส,บริษัท บุรีรัมย์ยูไนเต็ดอินเตอร์เนชั่นแนลเซอร์กิต จำกัด,"เงินเดือน  : 



เงินเดือน 25,000 - 35,000 บาท (สามารถต่อรองได้)","วุฒิการศึกษา  : 



ปริญญาตรี","สถานที่  : 



กทม. (บางรัก)",https://www.jobtopgun.com/%E0%B8%AB%E0%B8%B2%E0%B8%87%E0%B8%B2%E0%B8%99/%E0%B9%80%E0%B8%88%E0%B9%89%E0%B8%B2%E0%B8%AB%E0%B8%99%E0%B9%89%E0%B8%B2%E0%B8%97%E0%B8%B5%E0%B9%88%E0%B8%9D%E0%B9%88%E0%B8%B2%E0%B8%A2%E0%B8%9A%E0%B8%B8%E0%B8%84%E0%B8%84%E0%B8%A5%E0%B8%AD%E0%B8%B2%E0%B8%A7%E0%B8%B8%E0%B9%82%E0%B8%AA%20-%20%E0%B8%9A%E0%B8%B8%E0%B8%A3%E0%B8%B5%E0%B8%A3%E0%B8%B1%E0%B8%A1%E0%B8%A2%E0%B9%8C%E0%B8%A2%E0%B8%B9%E0%B9%84%E0%B8%99%E0%B9%80%E0%B8%95%E0%B9%87%E0%B8%94%E0%B8%AD%E0%B8%B4%E0%B8%99%E0%B9%80%E0%B8%95%E0%B8%AD%E0%B8%A3%E0%B9%8C%E0%B9%80%E0%B8%99%E0%B8%8A%E0%B8%B1%E0%B9%88%E0%B8%99%E0%B9%81%E0%B8%99%E0%B8%A5%E0%B9%80%E0%B8%8B%E0%B8%AD%E0%B8%A3%E0%B9%8C%E0%B8%81%E0%B8%B4%E0%B8%95/jobpost/36637/11
68,Marketing&Product Planning Engineer (Bangkok) (49854),"Reeracoen Eastern Seaboard Recruitment Co., Ltd.","เงินเดือน  : 



25,000 - 40,000 บาท/เดือน","วุฒิการศึกษา  : 



ปริญญาตรี","สถานที่  : 



กรุงเทพและปริมณฑล",https://www.jobtopgun.com/%E0%B8%AB%E0%B8%B2%E0%B8%87%E0%B8%B2%E0%B8%99/marketing-product-planning-engineer-bangkok-49854%20-%20reeracoen-eastern-seaboard-recruitment/jobpost/24794/1414
69,Sales & Marketing,บริษัท สตรีมแอ็กซ์ (ประเทศไทย) จำกัด,"เงินเดือน  : 



สามารถเจรจาต่อรองได้ + Commission","วุฒิการศึกษา  : 



ปริญญาตรี","สถานที่  : 



กทม. (ประเวศ, คลองเตย, พระโขนง, ลาดกระบัง, สวนหลวง, บางนา), สมุทรปราการ",https://www.jobtopgun.com/%E0%B8%AB%E0%B8%B2%E0%B8%87%E0%B8%B2%E0%B8%99/sales-marketing%20-%20%E0%B8%AA%E0%B8%95%E0%B8%A3%E0%B8%B5%E0%B8%A1%E0%B9%81%E0%B8%AD%E0%B9%87%E0%B8%81%E0%B8%8B%E0%B9%8C-%E0%B8%9B%E0%B8%A3%E0%B8%B0%E0%B9%80%E0%B8%97%E0%B8%A8%E0%B9%84%E0%B8%97%E0%B8%A2/jobpost/239746/1
70,เจ้าหน้าที่วิเคราะห์งบประมาณ,บริษัท ฟู้ด แพชชั่น จำกัด,"เงินเดือน  : 



สามารถเจรจาต่อรองได้","วุฒิการศึกษา  : 



ปริญญาตรี","สถานที่  : 



กรุงเทพและปริมณฑล",https://www.jobtopgun.com/%E0%B8%AB%E0%B8%B2%E0%B8%87%E0%B8%B2%E0%B8%99/%E0%B9%80%E0%B8%88%E0%B9%89%E0%B8%B2%E0%B8%AB%E0%B8%99%E0%B9%89%E0%B8%B2%E0%B8%97%E0%B8%B5%E0%B9%88%E0%B8%A7%E0%B8%B4%E0%B9%80%E0%B8%84%E0%B8%A3%E0%B8%B2%E0%B8%B0%E0%B8%AB%E0%B9%8C%E0%B8%87%E0%B8%9A%E0%B8%9B%E0%B8%A3%E0%B8%B0%E0%B8%A1%E0%B8%B2%E0%B8%93%20-%20%E0%B8%9F%E0%B8%B9%E0%B9%89%E0%B8%94%E0%B9%81%E0%B8%9E%E0%B8%8A%E0%B8%8A%E0%B8%B1%E0%B9%88%E0%B8%99/jobpost/21010/118
71,Sales Planning & Promotion Sup. (Bangkok) (38482),"Reeracoen Eastern Seaboard Recruitment Co., Ltd.","เงินเดือน  : 



25,000 - 40,000 บาท/เดือน","วุฒิการศึกษา  : 



ปริญญาตรี","สถานที่  : 



ชลบุรี ระยองและภาคตะวันออก",https://www.jobtopgun.com/%E0%B8%AB%E0%B8%B2%E0%B8%87%E0%B8%B2%E0%B8%99/sales-planning-promotion-sup-bangkok-38482%20-%20reeracoen-eastern-seaboard-recruitment/jobpost/24794/1413
72,Account Manager (TEAM A) 2 ตำแหน่ง,บริษัท ดีฟิวชั่น จำกัด,"เงินเดือน  : 



สามารถเจรจาต่อรองได้","วุฒิการศึกษา  : 



ปริญญาตรีหรือสูงกว่า","สถานที่  : 



กทม. (ปทุมวัน)",https://www.jobtopgun.com/%E0%B8%AB%E0%B8%B2%E0%B8%87%E0%B8%B2%E0%B8%99/account-manager-team-a-2-%E0%B8%95%E0%B8%B3%E0%B9%81%E0%B8%AB%E0%B8%99%E0%B9%88%E0%B8%87%20-%20%E0%B8%9A%E0%B8%A3%E0%B8%B4%E0%B8%A9%E0%B8%B1%E0%B8%97-%E0%B8%94%E0%B8%B5%E0%B8%9F%E0%B8%B4%E0%B8%A7%E0%B8%8A%E0%B8%B1%E0%B9%88%E0%B8%99-%E0%B8%88%E0%B8%B3%E0%B8%81%E0%B8%B1%E0%B8%94/jobpost/17659/13
73,Developer / Programmer (3 ตำแหน่ง),บริษัท ดีฟิวชั่น จำกัด,"เงินเดือน  : 



สามารถเจรจาต่อรองได้","วุฒิการศึกษา  : 



ปริญญาตรีหรือสูงกว่า","สถานที่  : 



กทม. (ปทุมวัน)",https://www.jobtopgun.com/%E0%B8%AB%E0%B8%B2%E0%B8%87%E0%B8%B2%E0%B8%99/developer-programmer-3-%E0%B8%95%E0%B8%B3%E0%B9%81%E0%B8%AB%E0%B8%99%E0%B9%88%E0%B8%87%20-%20%E0%B8%9A%E0%B8%A3%E0%B8%B4%E0%B8%A9%E0%B8%B1%E0%B8%97-%E0%B8%94%E0%B8%B5%E0%B8%9F%E0%B8%B4%E0%B8%A7%E0%B8%8A%E0%B8%B1%E0%B9%88%E0%B8%99-%E0%B8%88%E0%B8%B3%E0%B8%81%E0%B8%B1%E0%B8%94/jobpost/17659/14
74,Management Trainee (TEAM A) 2 ตำแหน่ง,บริษัท ดีฟิวชั่น จำกัด,"เงินเดือน  : 



สามารถเจรจาต่อรองได้","วุฒิการศึกษา  : 



ปริญญาตรีหรือสูงกว่า","สถานที่  : 



กทม. (สวนหลวง)",https://www.jobtopgun.com/%E0%B8%AB%E0%B8%B2%E0%B8%87%E0%B8%B2%E0%B8%99/management-trainee-team-a-2-%E0%B8%95%E0%B8%B3%E0%B9%81%E0%B8%AB%E0%B8%99%E0%B9%88%E0%B8%87%20-%20%E0%B8%9A%E0%B8%A3%E0%B8%B4%E0%B8%A9%E0%B8%B1%E0%B8%97-%E0%B8%94%E0%B8%B5%E0%B8%9F%E0%B8%B4%E0%B8%A7%E0%B8%8A%E0%B8%B1%E0%B9%88%E0%B8%99-%E0%B8%88%E0%B8%B3%E0%B8%81%E0%B8%B1%E0%B8%94/jobpost/17659/11
75,Project Manager (TEAM A) 2 ตำแหน่ง,บริษัท ดีฟิวชั่น จำกัด,"เงินเดือน  : 



สามารถเจรจาต่อรองได้","วุฒิการศึกษา  : 



ปริญญาตรีหรือสูงกว่า","สถานที่  : 



กทม. (ปทุมวัน)",https://www.jobtopgun.com/%E0%B8%AB%E0%B8%B2%E0%B8%87%E0%B8%B2%E0%B8%99/project-manager-team-a-2-%E0%B8%95%E0%B8%B3%E0%B9%81%E0%B8%AB%E0%B8%99%E0%B9%88%E0%B8%87%20-%20%E0%B8%9A%E0%B8%A3%E0%B8%B4%E0%B8%A9%E0%B8%B1%E0%B8%97-%E0%B8%94%E0%B8%B5%E0%B8%9F%E0%B8%B4%E0%B8%A7%E0%B8%8A%E0%B8%B1%E0%B9%88%E0%B8%99-%E0%B8%88%E0%B8%B3%E0%B8%81%E0%B8%B1%E0%B8%94/jobpost/17659/12
76,ผู้จัดการโชว์รูม,บริษัท นนทบุรี ฮอนด้าคาร์ส์ จำกัด,"เงินเดือน  : 



สามารถเจรจาต่อรองได้ + Commission","วุฒิการศึกษา  : 



ปริญญาตรี","สถานที่  : 



กรุงเทพและปริมณฑล",https://www.jobtopgun.com/%E0%B8%AB%E0%B8%B2%E0%B8%87%E0%B8%B2%E0%B8%99/%E0%B8%9C%E0%B8%B9%E0%B9%89%E0%B8%88%E0%B8%B1%E0%B8%94%E0%B8%81%E0%B8%B2%E0%B8%A3%E0%B9%82%E0%B8%8A%E0%B8%A7%E0%B9%8C%E0%B8%A3%E0%B8%B9%E0%B8%A1%20-%20%E0%B8%99%E0%B8%99%E0%B8%97%E0%B8%9A%E0%B8%B8%E0%B8%A3%E0%B8%B5-%E0%B8%AE%E0%B8%AD%E0%B8%99%E0%B8%94%E0%B9%89%E0%B8%B2%E0%B8%84%E0%B8%B2%E0%B8%A3%E0%B9%8C%E0%B8%AA%E0%B9%8C/jobpost/806/21
77,Digital Marketing Officer,บริษัท สวัสดีช้อป จำกัด,"เงินเดือน  : 



สามารถเจรจาต่อรองได้","วุฒิการศึกษา  : 



ปริญญาตรีหรือสูงกว่า","สถานที่  : 



กทม. (วัฒนา)",https://www.jobtopgun.com/%E0%B8%AB%E0%B8%B2%E0%B8%87%E0%B8%B2%E0%B8%99/digital-marketing-officer%20-%20%E0%B8%AA%E0%B8%A7%E0%B8%B1%E0%B8%AA%E0%B8%94%E0%B8%B5%E0%B8%8A%E0%B9%89%E0%B8%AD%E0%B8%9B/jobpost/3396/48
78,ผู้จัดการแผนกประกันคุณภาพ,บริษัท โลหะกิจ เม็ททอล จำกัด (มหาชน),"เงินเดือน  : 



สามารถเจรจาต่อรองได้","วุฒิการศึกษา  : 



ปริญญาตรี","สถานที่  : 



กรุงเทพและปริมณฑล",https://www.jobtopgun.com/%E0%B8%AB%E0%B8%B2%E0%B8%87%E0%B8%B2%E0%B8%99/%E0%B8%9C%E0%B8%B9%E0%B9%89%E0%B8%88%E0%B8%B1%E0%B8%94%E0%B8%81%E0%B8%B2%E0%B8%A3%E0%B9%81%E0%B8%9C%E0%B8%99%E0%B8%81%E0%B8%9B%E0%B8%A3%E0%B8%B0%E0%B8%81%E0%B8%B1%E0%B8%99%E0%B8%84%E0%B8%B8%E0%B8%93%E0%B8%A0%E0%B8%B2%E0%B8%9E%20-%20%E0%B9%82%E0%B8%A5%E0%B8%AB%E0%B8%B0%E0%B8%81%E0%B8%B4%E0%B8%88-%E0%B9%80%E0%B8%A1%E0%B9%87%E0%B8%97%E0%B8%97%E0%B8%AD%E0%B8%A5/jobpost/26382/14
79,เจ้าหน้าที่สนับสนุนการขาย ( IT Project) / Sales Support Officer ( รับเฉพาะผู้ที่จบด้านคอมพิวเตอร์ ),บริษัท ดี.ที.ซี. เอ็นเตอร์ไพรส์ จำกัด,"เงินเดือน  : 



15,000 - 20,000 บาท/เดือน","วุฒิการศึกษา  : 



ปริญญาตรี","สถานที่  : 



กทม. (ประเวศ, พระโขนง, ลาดกระบัง, บางนา, สวนหลวง)",https://www.jobtopgun.com/%E0%B8%AB%E0%B8%B2%E0%B8%87%E0%B8%B2%E0%B8%99/%E0%B9%80%E0%B8%88%E0%B9%89%E0%B8%B2%E0%B8%AB%E0%B8%99%E0%B9%89%E0%B8%B2%E0%B8%97%E0%B8%B5%E0%B9%88%E0%B8%AA%E0%B8%99%E0%B8%B1%E0%B8%9A%E0%B8%AA%E0%B8%99%E0%B8%B8%E0%B8%99%E0%B8%81%E0%B8%B2%E0%B8%A3%E0%B8%82%E0%B8%B2%E0%B8%A2-it-project-sales-support-officer-%E0%B8%A3%E0%B8%B1%E0%B8%9A%E0%B9%80%E0%B8%89%E0%B8%9E%E0%B8%B2%E0%B8%B0%E0%B8%9C%E0%B8%B9%E0%B9%89%E0%B8%97%E0%B8%B5%E0%B9%88%E0%B8%88%E0%B8%9A%E0%B8%94%E0%B9%89%E0%B8%B2%E0%B8%99%E0%B8%84%E0%B8%AD%E0%B8%A1%E0%B8%9E%E0%B8%B4%E0%B8%A7%E0%B9%80%E0%B8%95%E0%B8%AD%E0%B8%A3%E0%B9%8C%20-%20%E0%B8%9A%E0%B8%A3%E0%B8%B4%E0%B8%A9%E0%B8%B1%E0%B8%97-%E0%B8%94%E0%B8%B5-%E0%B8%97%E0%B8%B5-%E0%B8%8B%E0%B8%B5-%E0%B9%80%E0%B8%AD%E0%B9%87%E0%B8%99%E0%B9%80%E0%B8%95%E0%B8%AD%E0%B8%A3%E0%B9%8C%E0%B9%84%E0%B8%9E%E0%B8%A3%E0%B8%AA%E0%B9%8C-%E0%B8%88%E0%B8%B3%E0%B8%81%E0%B8%B1%E0%B8%94/jobpost/20290/73
